timestamp,unix_time,edges_found,delta_edges,total_execs,execs_per_sec,unique_crashes,unique_hangs
2026-03-16 12:43:41,1773665021,0,0,0,0,0,0
2026-03-16 13:43:41,1773668621,1751,1751,1629880,31,0,0
2026-03-16 14:43:41,1773672221,1758,7,1764319,6,0,0
2026-03-16 15:43:41,1773675821,1769,11,2043229,0,0,0
2026-03-16 16:43:41,1773679421,1770,1,2202901,31,0,0
2026-03-16 17:43:42,1773683022,1970,200,2289353,1,0,0
2026-03-16 18:43:42,1773686622,1973,3,2429561,3,0,0
2026-03-16 19:43:42,1773690222,1976,3,2635422,1,0,0
2026-03-16 20:43:42,1773693822,1976,0,2779746,4,0,0
2026-03-16 21:43:43,1773697423,1976,0,2963489,5,0,0
2026-03-16 22:43:43,1773701023,1976,0,3289905,5,0,0
2026-03-16 23:43:43,1773704623,1977,1,3366755,5,0,0
2026-03-17 00:43:43,1773708223,1977,0,3418968,456,0,0
2026-03-17 01:43:44,1773711824,1986,9,3563035,0,0,0
2026-03-17 02:43:44,1773715424,1986,0,3694122,0,0,0
2026-03-17 03:43:44,1773719024,1986,0,3800960,1,0,0
2026-03-17 04:43:44,1773722624,1989,3,3977902,74,0,0
2026-03-17 05:43:44,1773726224,1989,0,4154734,0,0,0
2026-03-17 06:43:45,1773729825,1992,3,4229081,86,0,0
2026-03-17 07:43:45,1773733425,1992,0,4331164,0,0,0
2026-03-17 08:43:45,1773737025,1992,0,4464901,0,0,0
2026-03-17 09:43:46,1773740626,1999,7,4557840,2,0,0
2026-03-17 10:43:46,1773744226,2005,6,4678738,1,0,0
2026-03-17 11:43:46,1773747826,2005,0,4860715,4,0,0
2026-03-17 12:43:46,1773751426,2005,0,5137346,1,0,0
2026-03-17 13:43:47,1773755027,2005,0,5269145,2,0,0
2026-03-17 14:43:47,1773758627,2005,0,5432367,6,0,0
2026-03-17 15:43:47,1773762227,2005,0,5616523,2,1,0
2026-03-17 16:43:47,1773765827,2005,0,5847827,1,1,0
2026-03-17 17:43:48,1773769428,2005,0,6008318,6,1,0
2026-03-17 18:43:48,1773773028,2005,0,6185269,142,1,0
2026-03-17 19:43:48,1773776628,2005,0,6285506,15,1,0
2026-03-17 20:43:48,1773780228,2007,2,6499124,37,1,0
2026-03-17 21:43:49,1773783829,2007,0,6678544,38,1,0
2026-03-17 22:43:49,1773787429,2007,0,6773928,1,1,0
2026-03-17 23:43:49,1773791029,2007,0,6899142,3,1,0
2026-03-18 00:43:50,1773794630,2008,1,7030895,1,1,0
2026-03-18 01:43:50,1773798230,2008,0,7168780,4,1,0
2026-03-18 02:43:50,1773801830,2008,0,7286507,2,1,0
2026-03-18 03:43:50,1773805430,2008,0,7397358,0,1,0
2026-03-18 04:43:51,1773809031,2008,0,7596444,3,1,0
2026-03-18 05:43:51,1773812631,2008,0,7764175,10,1,0
2026-03-18 06:43:51,1773816231,2008,0,8015823,66,1,0
2026-03-18 07:43:51,1773819831,2008,0,8266606,0,1,0
2026-03-18 08:43:52,1773823432,2008,0,8442702,2,1,0
2026-03-18 09:43:52,1773827032,2008,0,8675505,8,1,0
2026-03-18 10:43:52,1773830632,2008,0,8896063,4,1,0
2026-03-18 11:43:53,1773834233,2008,0,9078612,67,2,0
2026-03-18 12:43:53,1773837833,2008,0,9286677,6,2,0
2026-03-18 13:43:53,1773841433,2008,0,9445757,252,3,0
2026-03-18 14:43:53,1773845033,2009,1,9714047,1,3,0
2026-03-18 15:43:54,1773848634,2010,1,9852816,0,3,0
2026-03-18 16:43:54,1773852234,2010,0,9856019,0,3,0
2026-03-18 17:43:54,1773855834,2010,0,9901878,1,3,0
2026-03-18 18:43:55,1773859435,2010,0,9976488,0,3,0
2026-03-18 19:43:55,1773863035,2010,0,10070962,0,3,0
2026-03-18 20:43:55,1773866635,2010,0,10130835,0,3,0
2026-03-18 21:43:55,1773870235,2013,3,10232265,1,3,0
2026-03-18 22:43:56,1773873836,2013,0,10305491,6,3,0
2026-03-18 23:43:56,1773877436,2013,0,10447518,42,3,0
2026-03-19 00:43:56,1773881036,2013,0,10531111,4,3,0
2026-03-19 01:43:57,1773884637,2013,0,10643890,190,3,0
2026-03-19 02:43:57,1773888237,2013,0,10751060,51,3,0
2026-03-19 03:43:57,1773891837,2013,0,10837465,398,3,0
2026-03-19 04:43:58,1773895438,2013,0,10997701,3,3,0
2026-03-19 05:43:58,1773899038,2013,0,11137293,1,3,0
2026-03-19 06:43:58,1773902638,2013,0,11261008,6,3,0
2026-03-19 07:43:59,1773906239,2014,1,11377703,495,3,0
2026-03-19 08:43:59,1773909839,2014,0,11514485,13,3,0
2026-03-19 09:43:59,1773913439,2014,0,11664251,265,3,0
2026-03-19 10:43:59,1773917039,2014,0,11816547,3,3,0
2026-03-19 11:44:00,1773920640,2014,0,11911233,5,3,0
2026-03-19 12:44:00,1773924240,2014,0,12041415,0,3,0
